[
  {
    "id": 1,
    "parentId": 0,
    "nombre": "Formulación",
    "fechaInicio": "2025-06-01",
    "fechaFin": "2025-06-10",
    "responsable": "Juan Pérez",
    "predecesorId": null,
    "avance": 0,
    "plazo": 10,
    "sustento": "",
    "orden": 1
  },
  {
    "id": 4,
    "parentId": 0,
    "nombre": "Ejecución",
    "fechaInicio": "2025-06-15",
    "fechaFin": "2025-07-15",
    "responsable": "Marta Ruiz",
    "predecesorId": null,
    "avance": 0,
    "plazo": 30,
    "sustento": "",
    "orden": 2
  },
  {
    "id": 2,
    "parentId": 1,
    "nombre": "Revisión técnica",
    "fechaInicio": "2025-06-02",
    "fechaFin": "2025-06-05",
    "responsable": "Ana Gómez",
    "predecesorId": 1,
    "avance": 0,
    "plazo": 5,
    "sustento": "",
    "orden": 1
  },
  {
    "id": 3,
    "parentId": 2,
    "nombre": "Validación presupuesto",
    "fechaInicio": "2025-06-06",
    "fechaFin": "2025-06-08",
    "responsable": "Carlos Díaz",
    "predecesorId": 2,
    "avance": 0,
    "plazo": 3,
    "sustento": "",
    "orden": 1
  },
  {
    "id": 5,
    "parentId": 4,
    "nombre": "Licitación de obra",
    "fechaInicio": "2025-06-15",
    "fechaFin": "2025-06-25",
    "responsable": "Luis Torres",
    "predecesorId": 4,
    "avance": 0,
    "plazo": 10,
    "sustento": "",
    "orden": 1
  },
  {
    "id": 6,
    "parentId": 4,
    "nombre": "Firma de contrato",
    "fechaInicio": "2025-06-26",
    "fechaFin": "2025-06-28",
    "responsable": "Laura Méndez",
    "predecesorId": 5,
    "avance": 0,
    "plazo": 3,
    "sustento": "",
    "orden": 2
  },
  {
    "id": 7,
    "parentId": 5,
    "nombre": "Publicación de bases",
    "fechaInicio": "2025-06-15",
    "fechaFin": "2025-06-18",
    "responsable": "Equipo Legal",
    "predecesorId": 5,
    "avance": 0,
    "plazo": 4,
    "sustento": "",
    "orden": 1
  },
  {
    "id": 8,
    "parentId": 5,
    "nombre": "Evaluación de propuestas",
    "fechaInicio": "2025-06-19",
    "fechaFin": "2025-06-24",
    "responsable": "Comité Técnico",
    "predecesorId": 7,
    "avance": 0,
    "plazo": 5,
    "sustento": "",
    "orden": 2
  }
]
